<beans xmlns="http://www.springframework.org/schema/beans"
	xmlns:xsi="http://www.w3.org/2001/XMLSchema-instance" xmlns:context="http://www.springframework.org/schema/context"
	xsi:schemaLocation="http://www.springframework.org/schema/beans
     http://www.springframework.org/schema/beans/spring-beans-3.0.xsd
     http://www.springframework.org/schema/context
     http://www.springframework.org/schema/context/spring-context-3.0.xsd" default-init-method="init" default-destroy-method="destroy">
	
	<bean id="employee" class="com.cg.bean.Employee">
		<property name="employeeId" value="12345"></property>
	<property name="employeeName" value="Harriet"></property>
	<property name="salary" value="40000.0"></property>
	
		<property name="businessUnit" ref="sbu"/>
	</bean>	
	<bean id="sbu" class="com.cg.bean.SBU">
		<property name="sbuId" value="1" />
		<property name="sbuHead" value="Kiran Rao" />
		<property name="sbuName" value="Product Engineer" />
	</bean>
		
</beans>